yokohama,JP,KATAYOSE Yusaku,Email Not Found,https://er-web.ynu.ac.jp/html/KATAYOSE_Yusaku/en.html
yokohama,JP,HANEJI Nobuo,Email Not Found,https://er-web.ynu.ac.jp/html/HANEJI_Nobuo/en.html
yokohama,JP,YOSHIKAWA Nobuyuki,Email Not Found,https://er-web.ynu.ac.jp/html/YOSHIKAWA_Nobuyuki/en.html
yokohama,JP,YAMANASHI Yuki,Email Not Found,https://er-web.ynu.ac.jp/html/YAMANASHI_Yuki/en.html
yokohama,JP,HANEJI Nobuo,Email Not Found,https://er-web.ynu.ac.jp/html/HANEJI_Nobuo/en.html
yokohama,JP,YOSHIKAWA Nobuyuki,Email Not Found,https://er-web.ynu.ac.jp/html/YOSHIKAWA_Nobuyuki/en.html
yokohama,JP,YAMANASHI Yuki,Email Not Found,https://er-web.ynu.ac.jp/html/YAMANASHI_Yuki/en.html
yokohama,JP,HANEJI Nobuo,Email Not Found,https://er-web.ynu.ac.jp/html/HANEJI_Nobuo/en.html
yokohama,JP,YOSHIKAWA Nobuyuki,Email Not Found,https://er-web.ynu.ac.jp/html/YOSHIKAWA_Nobuyuki/en.html
yokohama,JP,YAMANASHI Yuki,Email Not Found,https://er-web.ynu.ac.jp/html/YAMANASHI_Yuki/en.html
